{"db": "admin", "collections": 3, "views": 0, "objects": 11, "avgObjSize": 118.9090909090909, "dataSize": 1308.0, "storageSize": 94208.0, "numExtents": 0, "indexes": 4, "indexSize": 114688.0, "scaleFactor": 1.0, "fsUsedSize": 557834240.0, "fsTotalSize": 214643507200.0, "ok": 1.0, "$clusterTime": {"clusterTime": Timestamp(1705532921, 6), "signature": {"hash": b"\xb9\xee\xa5n\x0fX\xb2_>3e\x988\xdb\x8d"\x86M\\T", "keyId": 7283207362175827969}}, "operationTime": Timestamp(1705532921, 6)}
{"db": "awsapcdtstnrds", "collections": 48, "views": 0, "objects": 6796, "avgObjSize": 402.8544732195409, "dataSize": 2737799.0, "storageSize": 2289664.0, "numExtents": 0, "indexes": 49, "indexSize": 1519616.0, "scaleFactor": 1.0, "fsUsedSize": 557834240.0, "fsTotalSize": 214643507200.0, "ok": 1.0, "$clusterTime": {"clusterTime": Timestamp(1705532921, 6), "signature": {"hash": b"\xb9\xee\xa5n\x0fX\xb2_>3e\x988\xdb\x8d"\x86M\\T", "keyId": 7283207362175827969}}, "operationTime": Timestamp(1705532921, 6)}
{"db": "config", "collections": 3, "views": 0, "objects": 14, "avgObjSize": 132.0, "dataSize": 1848.0, "storageSize": 53248.0, "numExtents": 0, "indexes": 4, "indexSize": 90112.0, "scaleFactor": 1.0, "fsUsedSize": 557834240.0, "fsTotalSize": 214643507200.0, "ok": 1.0, "$clusterTime": {"clusterTime": Timestamp(1705532921, 6), "signature": {"hash": b"\xb9\xee\xa5n\x0fX\xb2_>3e\x988\xdb\x8d"\x86M\\T", "keyId": 7283207362175827969}}, "operationTime": Timestamp(1705532921, 6)}
{"db": "local", "collections": 7, "views": 0, "objects": 4985856, "avgObjSize": 112.36274252605772, "dataSize": 560224454.0, "storageSize": 87003136.0, "numExtents": 0, "indexes": 6, "indexSize": 139264.0, "scaleFactor": 1.0, "fsUsedSize": 557834240.0, "fsTotalSize": 214643507200.0, "ok": 1.0, "$clusterTime": {"clusterTime": Timestamp(1705532921, 6), "signature": {"hash": b"\xb9\xee\xa5n\x0fX\xb2_>3e\x988\xdb\x8d"\x86M\\T", "keyId": 7283207362175827969}}, "operationTime": Timestamp(1705532921, 6)}
{"db": "test", "collections": 1, "views": 0, "objects": 1, "avgObjSize": 138.0, "dataSize": 138.0, "storageSize": 36864.0, "numExtents": 0, "indexes": 1, "indexSize": 36864.0, "scaleFactor": 1.0, "fsUsedSize": 557834240.0, "fsTotalSize": 214643507200.0, "ok": 1.0, "$clusterTime": {"clusterTime": Timestamp(1705532921, 6), "signature": {"hash": b"\xb9\xee\xa5n\x0fX\xb2_>3e\x988\xdb\x8d"\x86M\\T", "keyId": 7283207362175827969}}, "operationTime": Timestamp(1705532921, 6)}
